<?xml version="1.0" encoding="UTF-8"?>



<mapper namespace="com.smhrd.database.MemberMapper">
	<insert id="join" parameterType="com.smhrd.model.MavenMember">
		insert into MEMBERINFO values (#{id},#{pw},#{name})
	</insert>
	
	<select id="login" parameterType="com.smhrd.model.MavenMember" 
						resultType="com.smhrd.model.MavenMember">
		select * from MEMBERINFO where id=#{id} and pw=#{pw}
	</select>
	
	<update id="update" parameterType="com.smhrd.model.MavenMember">
		update MEMBERINFO set name=#{name} where id={id}
	</update>
	
		<select id="idCheck" parameterType="com.smhrd.model.MavenMember" 
						resultType="int">
		select count(*) from MEMBERINFO where id=#{id}
	</select>
	
	
</mapper>