<?xml version="1.0" encoding="UTF-8" ?>
<configuration>
	<properties resource="com/smhrd/database/db.properties"></properties>
  <environments default="development">
    <environment id="development">
      <transactionManager type="JDBC"/>
      <dataSource type="POOLED">
        <property name="driver" value="${driver}"/>
        <property name="url" value="${url}"/>
        <property name="username" value="${username}"/>
        <property name="password" value="${password}"/>
      </dataSource>
    </environment>
  </environments>
  <mappers>
    <mapper resource="com/smhrd/database/Membermapper.xml"/>
  </mappers>
</configuration>